true_profile_scam,profile_prob,true_face_fake,face_prob,combined_prob,weighted_prob
0,0.010633628559732457,0,3.5997074e-09,0.005316816079719939,0.004253453583717525
0,0.0015782026081804922,0,9.213453e-08,0.0007891473713540275,0.0006313363239908663
0,0.5916528329979592,0,9.495581e-10,0.29582641697375867,0.23666113376891856
0,0.0013864551609475116,0,2.5045594e-07,0.0006933528084439715,0.0005547323379432636
0,0.028266678388730423,0,5.07198e-08,0.014133364554266057,0.011306701787373185
0,0.0176087528974557,0,2.8490688e-06,0.008805800983116965,0.007045210600317431
1,0.9859297807995197,1,0.9999983,0.9929640261324106,0.9943709228827047
0,0.010402655724957624,0,9.437969e-09,0.005201332581463126,0.004161067952764405
0,0.0047403560024986855,0,2.3642617e-08,0.0023701898225577194,0.0018961565865704144
0,0.054213774980817205,0,1.9024119e-06,0.027107838696356388,0.021686651439555175
0,0.3408276564159908,0,8.889585e-09,0.17041383265278792,0.13633106790014754
0,0.14115811459043806,1,0.9999946,0.5705763452838818,0.6564599914225705
0,0.06692811136301804,0,9.871438e-09,0.03346406061722797,0.026771250468070308
0,0.12444182941628147,0,2.071615e-08,0.06222092506621602,0.04977674419620365
0,0.00036019689378647454,0,9.269912e-08,0.0001801447964520949,0.00014413437698806116
0,0.001046318256344848,0,1.2853826e-08,0.0005231655550852037,0.0004185350148336302
0,0.34941300216484633,0,3.77808e-07,0.1747066899864196,0.1397654275507428
0,0.2925560228243514,0,4.4802565e-07,0.1462782354249982,0.11702267794513894
0,0.7049928731242147,0,8.214798e-09,0.3524964406695062,0.2819971541785645
0,0.04773554573741034,0,3.5170327e-08,0.023867790453868717,0.01909423939716146
0,0.001611653194768615,0,2.7569575e-07,0.0008059644452614206,0.0006448266953685083
0,0.07887574961129339,0,1.30709805e-05,0.03944441029587569,0.031558142432792154
0,0.00964580182972679,0,5.3021154e-07,0.004823166020631844,0.0038586388588128548
1,0.8267440073109187,0,5.834007e-06,0.4133749206589443,0.3307011033286859
1,0.9888804254037672,0,2.7569575e-07,0.4944403505497607,0.39555233557896796
0,0.0013704631546242537,0,4.641054e-07,0.000685463630010961,0.0005484637251110399
0,0.0035665184383177184,0,3.3685988e-06,0.0017849435185361617,0.0014286285347162747
0,0.04160026674494938,0,2.5836995e-08,0.02080014629097207,0.01664012220017661
0,0.49960994285439025,0,1.11903105e-07,0.24980502737874785,0.19984404428362507
1,0.9090374029407033,0,5.316898e-09,0.4545187041288007,0.3636149643664204
0,0.8874572371314335,0,2.9403782e-09,0.44372862003590585,0.35498289661680044
0,0.0012864417245878742,0,7.39997e-08,0.0006432578621442318,0.000514621089657635
0,0.0173301782619054,0,5.9337935e-09,0.008665092097849427,0.006932074865038456
0,0.10648776990994854,0,1.278502e-08,0.05324389134748435,0.04259511563499169
0,0.04273419455119381,1,0.99985147,0.5212928298882068,0.6170045927183962
0,0.004911992477420082,0,3.966983e-08,0.0024560160736241967,0.001964820792865375
0,0.03924227889055839,0,6.3617582e-09,0.01962114262615831,0.015696915373278473
0,0.0030582878507518564,0,1.26732575e-05,0.0015354805541336364,0.001230919094900942
0,0.01770225857634519,0,4.8455643e-08,0.008851153515994121,0.007080932503925329
0,0.0010903466728419977,0,8.849019e-09,0.0005451777609306464,0.0004361439785483762
0,0.025301622307731964,0,2.3564137e-06,0.01265198936071007,0.010122062771373903
0,0.22477436411390067,0,1.741074e-08,0.1123871907623201,0.08990975609200398
0,0.0015782026081804922,0,7.559858e-07,0.0007894792969947783,0.0006317346347690043
0,0.4141730703759556,0,1.2087132e-07,0.20708659562363782,0.16566930067317712
0,0.0012825356652760346,0,6.110932e-08,0.0006412983872972645,0.0005130509317036421
0,0.0545784663808702,0,4.768399e-07,0.027289471610378445,0.02183167265630283
0,0.5668513215164894,0,1.1448528e-09,0.2834256613306711,0.22674052929350746
0,0.7975234498303524,0,3.2715516e-08,0.398761741272934,0.3190093995614507
0,0.3613440737457664,0,8.003561e-09,0.18067204087466388,0.14453763430044347
0,0.004278758769231533,0,1.4336125e-06,0.0021400961908710076,0.001712363675210271
0,0.5551209678090235,0,0.0007223599,0.2779216638665675,0.2224818030838971
0,0.0010385659718312663,0,1.4561669e-10,0.0005192830587239758,0.0004154264761025205
0,0.09619398742011777,0,3.8353893e-11,0.04809699372923583,0.03847759499105945
0,0.06540094409985141,0,2.1933006e-06,0.032701568700219834,0.026161693620338995
0,0.160935265122136,0,8.545726e-08,0.08046767528969752,0.06437415732321337
0,0.07851797512335705,0,5.772077e-09,0.039258990447717045,0.03140719351258918
0,0.7975234498303524,0,8.759097e-09,0.3987617292947245,0.31900938518759925
0,0.0013333350258518896,0,4.4135785e-08,0.0006666895808183471,0.0005333604918119939
0,0.3169100302303728,0,2.557232e-10,0.158455015243048,0.12676401224558304
0,0.03223407574410288,1,0.9999995,0.5161167994534723,0.6128933561162752
0,0.008096316302982257,0,4.850234e-12,0.004048158153916246,0.0032385265241030433
0,0.002317048229470259,0,5.1067122e-08,0.0011585496482961729,0.0009268499320641978
1,0.9531165906659697,0,9.638844e-10,0.47655829581492704,0.38124663684471854
0,0.00046004246916951484,0,5.3081433e-09,0.00023002388865638656,0.00018402017255393855
0,0.160410573038511,0,1.0638111e-10,0.08020528657244605,0.06416422927923307
0,0.09361110870609808,0,2.9426098e-10,0.04680555450017953,0.037444443658995824
0,0.006442267646277156,0,1.7012228e-06,0.0032219844345385607,0.002577927792259054
0,0.0009019721714192658,0,4.8947265e-07,0.00045123082203683693,0.00036108255216603553
1,0.8654019040582369,1,0.9999957,0.9326988062619066,0.9461582224654274
0,0.10563713735341355,0,3.4633054e-08,0.052818585993233656,0.04225487572119839
1,0.8660439689158556,1,0.99999845,0.9330212095975456,0.9464166577338837
0,0.0007690526856095918,0,2.1132702e-07,0.00038463200631473756,0.0003077478704671354
0,0.15207606546914226,0,1.7935584e-08,0.07603804170236297,0.06083043694900783
0,0.0027622739601835893,0,1.2853826e-08,0.0013811434070045744,0.0011049172963691267
0,0.455866406857071,0,1.7781309e-07,0.22793329233508164,0.1823466694306852
0,4.5080713028875535e-05,0,1.4302377e-07,2.261186839885189e-05,1.811809947568933e-05
0,0.14729189715165825,0,7.946641e-09,0.07364595254914946,0.05891676362864798
0,0.30755258142488323,0,1.4608789e-06,0.15377702115190875,0.12302190909734796
0,0.012981426172145368,0,5.4015695e-11,0.0064907131130805314,0.005192570501267566
0,0.005314155081304702,0,1.7468904e-10,0.0026570776279968714,0.0021256621373353097
0,0.003740414078933323,0,4.707098e-09,0.0018702093930155728,0.001496168455832156
0,0.12070543021884499,0,3.3438873e-08,0.060352731828858995,0.04828219215086322
0,0.05481336518815428,0,1.9718462e-08,0.027406692453307905,0.021925357906339163
0,0.0022524854846115113,0,2.1617863e-08,0.0011262535512372833,0.0009010071645633259
0,0.04073470835310282,1,0.9996278,0.5201812684755627,0.6160706281837705
0,0.0015416203770237896,1,0.9999271,0.5007343619482317,0.6005729221834023
0,0.09078910951146776,0,8.350005e-09,0.04539455893073645,0.036315648814590186
0,3.143236575713557e-05,0,5.127917e-10,1.571643927441678e-05,1.2573253977878575e-05
0,0.011009464845288475,0,7.7150766e-08,0.005504770998027125,0.004403832228578409
0,0.44585935527416615,0,3.8013005e-07,0.22292986770210635,0.17834397018770293
0,0.7665741245190167,0,3.930395e-07,0.3832872587792582,0.30662988563131216
0,0.2053452936908029,0,9.776691e-07,0.10267313567993164,0.08213870407778012
0,0.005540474014912138,0,2.4424855e-09,0.0027702382286988424,0.00221619107145625
0,6.181335700587292e-05,0,2.7378457e-08,3.092036773135395e-05,2.47417698771607e-05
0,0.008999537508244686,0,9.1052925e-09,0.004499773306768603,0.0035998204664735643
0,0.9221599527595414,0,4.2212565e-07,0.4610801874425966,0.368864234379219
0,0.28149642480905723,0,2.0221526e-07,0.14074831351215933,0.11259869125278828
0,0.004538078232117444,0,2.8073923e-06,0.002270442812218918,0.0018169157283074251
0,0.08290204507651303,0,2.4130832e-05,0.04146308795408739,0.03317529653051176
0,0.01131298281392414,0,6.449244e-07,0.005656813869161235,0.004525580080237076
0,0.01099259777921541,0,3.9291012e-10,0.005496299086062766,0.004397039347432254
0,0.006138009216878488,0,2.8073923e-06,0.00307040830459944,0.0024568881222118426
0,0.005280467366821485,0,2.4652877e-07,0.002640356947796108,0.002112334863991033
1,0.9489683452821526,1,0.9999347,0.9744515092957393,0.9795481420984568
0,0.0804176947594488,0,1.828932e-07,0.0402089388263258,0.03216718763970831
0,0.1034972326028872,0,2.8272177e-08,0.05174863043753234,0.04139891000446208
0,0.557113735893085,0,3.6394413e-05,0.27857506515291536,0.22286733100488143
0,0.6704523688699917,0,9.982162e-09,0.33522618942607674,0.2681809535372942
0,0.7188526169438346,0,3.1788274e-09,0.359426310061331,0.2875410486848304
0,0.00022805442215845755,0,8.7928186e-07,0.00011446685200733588,9.174933797711155e-05
0,0.59671827063653,0,6.9024e-07,0.29835948043825095,0.23868772239862357
0,0.09094326914382339,0,1.7974207e-05,0.04548062167559516,0.036388092181949515
0,0.004278758769231533,0,2.6632824e-05,0.00215269579676651,0.0017274832022735054
0,0.06673581811622145,0,9.888957e-10,0.0333679095525586,0.026694327839826074
0,0.0006677507329593441,0,1.7881553e-07,0.000333964774242643,0.00026720758250072386
0,0.00030936613731398185,0,1.5216486e-07,0.00015475915108623654,0.0001238377538477929
0,0.6039602061982201,0,3.930395e-07,0.30198029961885986,0.2415843183029935
0,0.017354763808372253,1,0.9999701,0.5086624211383475,0.6069239883671295
0,0.0009865473231315896,1,0.99991393,0.500450239108038,0.600343025148735
0,0.0012096929595427424,0,0.00013564165,0.0006726673032317229,0.000565262174879902
0,0.001253846944964639,0,7.896836e-10,0.0006269238673241176,0.0005015392517960134
0,0.0005823589257840948,0,1.1223929e-06,0.0002917406593218188,0.00023361700606346964
0,0.001596079875216034,0,6.581387e-10,0.0007980402666773721,0.0006384323449696509
0,0.029699211444733982,0,2.2164016e-08,0.014849616804375191,0.011879697876303967
0,0.7373036748950018,0,1.9071866e-09,0.3686518384010942,0.2949214711023127
0,0.024116463740272306,0,1.146765e-09,0.012058232443518661,0.009646586184167978
0,0.3613440737457664,1,0.9999751,0.6806595795021251,0.7445226925743258
0,0.08854460136560854,0,3.6784277e-07,0.04427248460419084,0.03541806125191582
0,0.14136195985918906,0,1.04492095e-08,0.07068098515419928,0.05654479021320141
0,0.011732508526960606,0,3.303692e-07,0.0058664194480823,0.004693201632312323
0,0.17587165067221255,0,4.6052683e-05,0.0879588516774022,0.07037629188025911
0,0.11163787731916906,0,3.0409478e-07,0.0558190907069761,0.04465533338454035
0,0.02724190533959435,0,5.692642e-07,0.01362123730190528,0.01089710369438452
0,0.12515053803072526,0,2.5885515e-07,0.06257539844293884,0.05006037052539293
0,0.00015462530886923583,0,2.3781485e-10,7.731277334204349e-05,6.185026623661057e-05
0,0.054213774980817205,0,4.6052683e-05,0.02712991383170452,0.021713141603700973
0,0.004317487635219742,0,1.8107821e-09,0.002158744723000911,0.0017269961405571449
0,0.6982443484241524,0,8.1622903e-07,0.3491225823265926,0.279298229107092
0,0.006959823677327621,0,2.4136975e-07,0.0034800325235374604,0.002784074292785113
0,0.07747538003613892,0,1.7367485e-07,0.03873777685549382,0.030990256219370488
0,0.029832713088807677,0,2.644863e-09,0.014916357866835336,0.01193308682244089
1,0.9589088512973385,0,1.0312699e-10,0.4794544257002327,0.38356354058081166
0,0.6385060531000883,0,2.673853e-07,0.3192531602426958,0.25540258167122015
0,0.26063081480294936,0,1.923931e-09,0.1303154083634402,0.10425232707553836
0,0.0009047557337385237,0,1.4696836e-07,0.0004524513510497802,0.0003619904745134526
0,0.052142812734566925,0,2.0194232e-06,0.026072416078865363,0.020858336747793263
0,0.17122885282236974,0,4.9978803e-09,0.08561442891012504,0.06849154412767627
0,0.8558770553719585,0,2.0388653e-10,0.4279385277879225,0.34235082227111535
0,0.032629827874880515,0,2.3262123e-09,0.016314915100546425,0.013051932545679629
0,0.20065293037765167,0,1.7881553e-07,0.1003265545965888,0.08026127944037766
0,0.04514506030802746,0,1.12931666e-07,0.022572586619846628,0.018058091882214727
0,0.017977163892503444,0,2.7569575e-07,0.008988719794128835,0.00719103097446244
0,0.016277976581884093,0,2.6233345e-06,0.00814029995817554,0.006512764633502043
0,0.9864994724847296,0,1.1903677e-07,0.4932497957607497,0.39459986041595657
0,0.0016052143965159054,0,5.440351e-08,0.0008026344000134674,0.0006421184007158221
0,0.008633708450513977,0,1.9325642e-08,0.004316863888077754,0.0034534949755906878
0,0.21061456671246742,0,3.355474e-10,0.10530728352400741,0.08424582688631542
0,0.0007980121763108097,0,3.5997074e-09,0.00039900788800911535,0.0003192070303488653
0,0.04177982223554996,0,5.9232545e-05,0.020919527390288503,0.01674746842196381
1,0.8843121648680418,0,4.98357e-10,0.4421560826831994,0.353724866246231
0,0.400715501687417,0,4.9978803e-09,0.20035775334264866,0.16028620367369517
0,0.2997923358656058,0,1.979382e-06,0.1498971576237916,0.11991812197545151
1,0.8994313226318733,0,3.0404865e-07,0.449715813340264,0.35977271148195356
0,0.34631603264476496,0,7.001849e-08,0.17315805133162598,0.13852645506900105
1,0.9973372271849124,0,1.6205057e-08,0.4986686216949846,0.39893490059699976
0,0.30400781956132655,0,1.9624157e-07,0.15200400790144944,0.12160324556947687
0,0.43539165637553745,0,1.2605715e-08,0.21769583449062607,0.174156670113644
0,0.0870529609325512,0,2.6374119e-07,0.04352661233686827,0.034821342617737366
0,0.0007723423276210314,0,4.6277154e-07,0.00038640254957972726,0.0003092145939828351
0,0.5668513215164894,0,3.5997074e-09,0.2834256625580984,0.2267405307664203
0,0.0031309917448464103,0,1.3519025e-07,0.0015655634675473698,0.001252477812090404
0,0.03731365391133464,0,1.7114187e-08,0.01865683551276102,0.014925471833047009
0,0.04787405519785686,0,1.9651505e-09,0.023937028581503674,0.019149623258233127
0,0.9212261094647003,0,7.081964e-09,0.4606130582733321,0.3684904480350585
0,0.41536079259128683,0,1.1648472e-05,0.20768622053145705,0.16615130611994586
0,0.20277021737267836,0,1.2853679e-05,0.10139153552605737,0.08111579915673317
0,0.007874433521413569,0,2.6656513e-10,0.00393721689398935,0.0031497735685045176
0,0.06815464103454985,0,1.4481353e-09,0.034077321241342565,0.02726185728270113
0,0.058991936603267625,0,2.8272177e-08,0.029495982437722557,0.023596791604614253
0,0.20891938374539143,0,8.4280085e-09,0.10445969608669997,0.08356775855496178
0,0.001154506195722883,0,3.2226392e-06,0.0005788644174511975,0.0004637360619787594
0,0.6761496875733922,0,5.904718e-07,0.33807513902260294,0.2704602293124451
0,0.08804080972228367,0,1.4424682e-08,0.044020412073482784,0.035216332543722785
0,0.025301622307731964,0,5.7430055e-10,0.012650811441016258,0.010120649267673122
0,0.0013983548652797921,0,2.6632824e-05,0.0007124938447906395,0.000575321640692809
0,0.08542743045611458,0,1.4696836e-07,0.042713788712237806,0.03417106036346387
1,0.865176255368202,0,3.4633054e-08,0.43258814500062787,0.34607052292711377
0,0.32047817828221986,0,8.439433e-08,0.1602391313382748,0.12819132194948865
0,0.07898224488646621,0,1.7881553e-07,0.03949121185099608,0.031593005243903474
0,0.27702288332246866,0,1.4566112e-10,0.13851144173406488,0.11080915341638414
0,0.00018113481328472925,0,7.896806e-10,9.056780148266397e-05,7.245439912227312e-05
0,0.002897251831469165,0,2.0063686e-09,0.001448626918918896,0.001158901936408931
0,0.003626484958062972,0,2.0418875e-08,0.0018132526884692256,0.0014506062345513646
0,0.0015247781729778762,0,6.363175e-07,0.0007627072452433913,0.0006102930597192318
0,0.016719304229261985,1,0.99998736,0.5083533340222848,0.6066801757436763
0,0.0006677507329593441,0,1.1648472e-05,0.00033969960229330605,0.0002740893766148458
0,0.6236551345599998,0,1.4465259e-09,0.31182756800326283,0.24946205469191549
0,0.0033650949712794045,1,0.99999785,0.5016814746020337,0.6013447505281846
0,0.6555324758114293,0,8.110492e-08,0.3277662784581756,0.2622130389875263
0,0.006511414019542795,0,3.9291012e-10,0.0032557072062264583,0.0026045658435632077
0,8.299863728164516e-05,0,8.003561e-09,4.1503320421507184e-05,3.320425704956841e-05
0,0.375114093757826,0,1.2137188e-08,0.18755705294750707,0.15004564478544338
0,0.0009865473231315896,0,5.1954936e-07,0.0004935334362457841,0.0003949306588743073
0,0.015686857949051974,0,1.4912028e-09,0.007843429720127401,0.006274744074342531
0,0.02159181103446275,0,1.3336361e-10,0.010795905583913181,0.008636724493803273
0,0.10026741440980688,0,7.7183586e-08,0.050133745796696313,0.04010701207407491
0,0.1034972326028872,0,6.5934046e-08,0.051748649268466486,0.041398932601584476
0,0.0023544737387087493,0,7.762369e-06,0.0011811180538659307,0.000946446916897367
0,0.824619377752085,0,2.3787836e-10,0.4123096889949817,0.329847751243561
0,0.0016946004891033423,0,3.5674985e-10,0.0008473004229265971,0.0006778404096912537
0,0.006244600347472436,0,1.7442127e-07,0.003122387384373152,0.0024979447917589798
0,0.00239770172529588,0,7.777549e-07,0.001199239740100846,0.0009595473430675235
0,0.0036671707523771814,0,4.768399e-07,0.0018338237961319343,0.0014671544049056223
0,0.004777133039145213,0,4.9126214e-09,0.002388568975883317,0.00191085616323116
0,0.6941455722732979,0,1.0069305e-07,0.3470728364831741,0.27765828932515507
0,0.0014381813829361153,0,7.355222e-08,0.000719127467579103,0.0005753166845077006
0,0.09073527238986573,0,2.139488e-08,0.04536764689237313,0.036294121792875146
0,0.006223671746921404,0,5.87802e-10,0.003111836167361689,0.002489469051449752
0,0.023512665321921627,0,2.5731701e-08,0.01175634552681142,0.00940508156778938
0,0.08527044415169056,0,2.2372844e-09,0.04263522319448746,0.034108179003046885
0,0.001611653194768615,0,1.1553372e-05,0.0008116032834506908,0.0006515933014599544
0,0.014046286274466503,0,1.8107821e-09,0.0070231440426242915,0.0056185155962558495
0,8.159899838711529e-05,0,1.7410773e-08,4.0808204580191424e-05,3.265004581898429e-05
0,0.6925739042789193,0,1.7300483e-05,0.3462956023808575,0.27703994200197274
0,0.0004393446371800298,0,6.4179675e-09,0.0002196755275737603,0.00017574170565259523
0,0.557113735893085,1,0.9967212,0.7769174719943177,0.8208782668982801
0,0.020071357191954988,0,1.5430792e-09,0.010035679367517104,0.008028543802629561
0,0.03796384632349997,0,1.8570213e-07,0.018982016012817265,0.015185649950686409
0,0.8115374479912582,0,1.2087132e-07,0.4057687844312891,0.32461505171929816
0,0.029699211444733982,0,2.7552694e-08,0.014849619498714165,0.011879701109510558
1,0.775224658965844,1,0.999987,0.8876058325766415,0.91008207921973
0,0.0018558851076945879,0,5.3081433e-09,0.0009279452079189231,0.0007423572279639678
1,0.9090374029407033,1,0.9993013,0.9541693586473231,0.9631957855514339
0,0.1525318644209077,0,6.8510036e-07,0.07626627476063406,0.06101315682859071
0,0.1185015909186286,0,8.4280085e-09,0.059250799673318554,0.04740064142425664
0,0.17274341655322967,0,2.6632824e-05,0.08638502468876558,0.06911334631587276
0,0.07391910641792536,0,1.5878353e-05,0.036967492385574806,0.029577169579650394
0,0.11084397183420616,0,6.9087194e-09,0.05542198937146277,0.04433759287891418
0,0.6130014531251616,0,7.994957e-09,0.30650073056005916,0.24520058604703904
0,0.0009865473231315896,0,1.0655732e-07,0.0004933269402272774,0.000394682863646415
0,7.455179196006369e-05,0,1.4912028e-09,3.727664158144579e-05,2.9821611505766618e-05
0,0.20065293037765167,0,1.2871213e-07,0.1003265295448912,0.08026124937834479
0,0.6649884663975751,0,2.429082e-09,0.3324942344133286,0.2659953880164793
0,0.14983631707237474,0,2.5332325e-09,0.07491815980280363,0.059934528348889515
0,0.014046286274466503,0,3.7174564e-07,0.007023329010054386,0.00561873755718049
0,0.14983631707237474,0,2.8834808e-07,0.07491830271022541,0.059934699837806915
0,0.004072805781364293,0,1.5623513e-06,0.0020371840663112187,0.00163005972333471
0,0.0009865473231315896,0,8.956796e-09,0.0004932781399638916,0.0003946243033307073
0,0.14379592202612934,0,6.4179675e-09,0.07189796422204842,0.057518372661232324
0,0.002587184707315553,1,0.999999,0.5012930857141772,0.6010343016783364
0,0.0005635946157883913,0,2.2212896e-08,0.0002818084143424012,0.00022545117405338083
1,0.8003330337132502,1,0.99999225,0.9001626425547147,0.9201285881648655
0,0.30036715851302187,0,9.218234e-08,0.15018362534768093,0.12014691871461558
0,0.08182878997376014,0,1.095095e-08,0.040914400462355255,0.03273152256007437
0,0.0035665184383177184,0,2.877298e-09,0.001783260657807837,0.001426609101705905
0,0.003915638608394752,0,1.7499469e-06,0.001958694277663501,0.0015673054115627257
0,0.59671827063653,0,1.9253308e-08,0.29835914494491916,0.2386873198065972
0,0.001253105088562017,0,3.4715034e-10,0.0006265527178561766,0.0005012422437150113
0,0.008781756606276272,0,9.450551e-07,0.004391350830684117,0.0035132696755656857
0,3.902241489524756e-05,0,2.698809e-09,1.9512556852100826e-05,1.5610585243582503e-05
0,0.01056739704199449,0,1.1268856e-06,0.0052842619638220865,0.004227634948233081
0,0.008700403853660301,0,4.707098e-09,0.004350204280379062,0.0034801643657229476
0,0.14421259814149534,0,3.2745063e-06,0.07210793632389673,0.057687003960467956
0,0.0007921671292256215,0,2.5885515e-07,0.0003962129921890228,0.00031702216479307174
0,0.8819866005982173,0,1.16138864e-07,0.4409933583685406,0.35279470992261097
0,0.03515712828294665,0,1.43689665e-08,0.017578571325956555,0.014062859934558714
0,0.04447517737732871,0,1.7881553e-07,0.022237678096427325,0.01779017824024847
0,0.0005059494105559262,0,1.8883593e-05,0.000262416501742634,0.00021370991997997558
0,0.10872746204938626,0,1.0590899e-10,0.05436373107764762,0.0434909848832999
0,0.0007712624027432977,0,1.3510302e-06,0.00038630671645374247,0.0003093155792299375
0,0.6640512654309084,0,2.3343836e-07,0.33202574943463253,0.2656206462353859
0,0.01312162034680003,0,3.6466954e-05,0.006579043650421583,0.005270528311145894
0,4.876237686417808e-05,0,1.3309862e-07,2.4447737743928066e-05,1.9584809922720234e-05
0,0.3950119228202824,0,6.9321317e-07,0.19750630801672464,0.15800518505604152
0,0.0126140127947959,0,1.6943887e-09,0.00630700724459232,0.005045606134551694
0,0.48756484472836487,0,1.1753825e-07,0.2437824811333071,0.195026008414297
0,0.12202879621445797,0,3.8384982e-08,0.06101441729972014,0.04881154151677364
0,0.3115515393786574,0,7.913441e-09,0.155775773646049,0.12462062049952759
0,0.7975234498303524,0,1.559138e-07,0.398761802872074,0.3190094734804212
0,0.01264791849719772,0,3.8236646e-08,0.006323978366921785,0.0050591903408669535
0,0.00016927503671651813,0,3.7328712e-06,8.65039539403465e-05,6.994973747606164e-05
0,0.005280467366821485,0,1.9839158e-06,0.0026412256413150042,0.0021133772962364456
1,0.09488456337079477,0,5.812379e-09,0.0474422845915869,0.03795382883574537
0,0.30844259538174745,0,6.228661e-07,0.15422160912391486,0.12337741187237108
0,0.03197211659681024,0,3.9073583e-08,0.01598607783519686,0.012788870082875606
0,0.5776324809564689,0,7.5676465e-11,0.2888162405160727,0.23105299242799346
0,0.0009912850742336114,0,3.288209e-09,0.0004956441812213249,0.00039651600261904525
0,0.003082640064055792,0,1.6323154e-08,0.001541328193605088,0.0012330658195151248
0,0.16450182931891016,0,1.7012228e-06,0.08225176527085507,0.06580175246131226
0,0.0021246804422044778,0,3.288209e-09,0.001062341865206758,0.0008498741498073918
0,0.019935289356608658,0,6.3617582e-09,0.009967647859183444,0.00797411955969858
0,0.12634949657759825,0,1.2605715e-08,0.06317475459165647,0.050539806194468295
0,0.02159181103446275,0,2.725642e-09,0.010795906880052343,0.008636726049170372
0,0.5079783980972309,0,3.2968458e-08,0.25398921553284454,0.2031913790199687
0,0.9320713777175419,0,1.3489767e-09,0.4660356895332593,0.37282855189640285
0,0.23958479278189493,0,3.8653954e-07,0.11979258966071743,0.0958341490364933
0,0.003422987080531454,0,9.247537e-08,0.001711539777949631,0.0013692503174361085
0,0.012227087094813861,0,6.363175e-07,0.006113861706161384,0.004891216628453626
0,0.001546802267680563,0,2.0221526e-07,0.0007735022414709937,0.0006188422362376064
0,0.0014644487093641006,0,6.1676153e-09,0.000732227438489704,0.0005857831843150467
0,2.2556353880907683e-05,0,1.1072567e-10,1.1278232303289685e-05,9.022607987768862e-06
0,0.00022805442215845755,1,0.99999547,0.5001117622345778,0.6000885037970616
0,0.023576706584602328,0,9.1441244e-08,0.011788399012923119,0.00943073749859012
0,0.016574341698206364,0,6.5420277e-06,0.008290441862941639,0.0066336618960705935
0,0.08810093123943472,1,0.999885,0.5439929769398315,0.6351714337636267
0,0.6325547138682954,0,1.1069562e-07,0.3162774122819594,0.25302195196469646
0,0.004702025432039748,0,3.5196635e-08,0.002351030314337344,0.001880831290797929
0,0.5916528329979592,0,6.3734418e-09,0.2958264196857005,0.23666113702324876
0,0.00010521831428957469,0,6.1676153e-09,5.261224095244103e-05,4.2091026285236344e-05
0,0.013598324056166847,0,4.8460624e-05,0.006823392340275654,0.005468405998916405
0,0.8219657861847707,0,1.2853826e-08,0.4109828995192981,0.32878632218620396
0,0.36307024990515196,0,1.4761846e-09,0.1815351256906683,0.14522810084777157
0,0.00041610463085013817,0,1.2764062e-09,0.00020805295362817056,0.00016644261818383256
0,0.00038517335191976107,0,9.888957e-10,0.00019258717040775207,0.00015406993410539468
0,0.8003330337132502,0,1.3801168e-08,0.4001665237572092,0.32013322176600156
0,0.030920190762986924,0,2.0456904e-05,0.015470323833577,0.012380350448240714
0,0.08937340405794417,0,5.8927956e-09,0.044686704975369876,0.0357493651588552
0,0.007541591149324644,0,5.029655e-06,0.0037733104020912897,0.0030196542527355687
0,0.557113735893085,0,1.0359051e-09,0.27855686846449507,0.2228454949787771
0,0.27138325169902033,0,1.3093452e-08,0.135691632396236,0.10855330853567949
0,0.0008652180598464599,0,5.07198e-08,0.0004326343898240759,0.0003461176558195991
0,0.1749957450581951,0,2.3723553e-06,0.0874990587067532,0.06999972143648757
0,0.005178918442156306,0,4.6014645e-08,0.0025894822284004224,0.002071594985650667
0,0.0013704631546242537,0,0.008695673,0.005033068176066056,0.005765589366618931
0,0.3068985897291089,0,6.1676153e-09,0.1534492979483621,0.12275943959221297
0,0.002635248479083705,0,2.0213486e-07,0.0013177253069700569,0.0010542206725530116
0,0.18734814477221462,0,2.622099e-09,0.0936740736971568,0.07493925948214526
0,0.040979557817199516,0,1.0318936e-06,0.02049029485539438,0.01639244226306746
0,0.05247424112229175,0,0.0007223599,0.026598300523201633,0.021423112409204376
0,0.00015399427774694154,0,5.601212e-10,7.699741893408436e-05,6.159804717152958e-05
0,0.005140189778972856,0,1.7935584e-08,0.0025701038572782703,0.002056086672940064
1,0.9647430720813448,0,1.1674982e-08,0.48237154187816333,0.38589723583752744
0,0.0035665184383177184,0,4.5802743e-08,0.001783282120530325,0.0014266348569742676
0,0.0007531385422469702,0,1.095095e-08,0.00037657474659866946,0.0003012619874690982
0,0.059250232361055685,0,6.576606e-10,0.02962511650935814,0.02370009333901866
0,0.000819738337263857,0,1.9718462e-08,0.00040987902786269364,0.0003279071659829939
0,0.06715457896544497,0,2.8196268e-10,0.03357728962370382,0.026861831755355604
0,0.1180835376625036,0,2.6632824e-05,0.05905508524340254,0.047249394759582335
0,0.7802075231426664,0,1.2764062e-09,0.3901037622095363,0.31208301002291033
0,0.016085334594285478,0,7.946641e-09,0.008042671270463079,0.006434138605698865
0,0.004959132951666803,0,8.291064e-09,0.0024795706213653194,0.0019836581553052002
0,0.06449560547733287,0,9.2562416e-11,0.03224780278494764,0.0257982422464706
0,0.0022524854846115113,0,2.0967257e-06,0.001127291105138745,0.0009022522293124039
0,0.0012112116582672539,0,6.199734e-08,0.0006056368278039243,0.00048452186171125836
0,0.0006677507329593441,0,2.2701543e-10,0.00033387547998738916,0.0002671004293930037
0,0.33381957402227913,0,1.2710133e-08,0.16690979336620626,0.13352783723499187
1,0.2967142172517628,1,0.9999802,0.6483472142548486,0.7186738494182527
0,0.01326465649132078,0,1.4064265e-07,0.006632398566987818,0.005305946982125489
0,0.11873431479945715,0,1.5284602e-08,0.05936716504202959,0.04749373509054479
0,0.0022916754844252364,0,1.0227693e-06,0.0011463491268681287,0.0009172838553680759
0,0.010402655724957624,0,5.38707e-08,0.005201354797828762,0.004161094612405122
0,0.24322650649210859,0,6.41387e-08,0.12161328531540591,0.09729064108006538
0,0.00022805442215845755,0,4.93884e-10,0.0001140274580212234,9.122206519378768e-05
0,0.05505008969926018,0,1.3309862e-07,0.02752511139894193,0.022020115738881123
1,0.7426575199070207,0,9.442534e-05,0.3713759726238347,0.2971196631708355
0,0.008331044882088504,0,2.0186187e-08,0.004165532534137724,0.0033324300645479234
0,0.11512931845458238,0,9.871438e-09,0.057564664163010135,0.046051733304696044
0,0.057662502072261,0,3.6394413e-05,0.02884944824250336,0.023086837476551835
0,0.06829097784369423,0,3.6850744e-07,0.03414567317556873,0.027316612241949312
0,0.7233056341309112,0,1.2546347e-08,0.36165282333862914,0.28932226118017307
1,0.9871114362849885,1,0.9999398,0.9935256177968828,0.9948084779411195
0,0.5068489164739567,0,9.2562416e-11,0.25342445828325955,0.20273956664512016
0,0.9262052223850108,0,2.6656513e-10,0.46310261132578795,0.3704820891139434
0,0.0037726330868671767,0,4.93884e-10,0.001886316790375583,0.0015090535310772755
0,0.08779796747662137,0,6.256406e-09,0.043898986866513716,0.035119190744492455
0,0.4651521635216312,0,1.4445102e-07,0.2325761539863265,0.18606095207926984
0,0.0006677507329593441,0,3.9534766e-06,0.00033585210478338264,0.00026947237928461455
0,0.014046286274466503,0,1.9325642e-08,0.007023152800054017,0.005618526105171698
0,0.003919759234086056,0,2.8367058e-06,0.001961297969937717,0.0015696057171307864
0,0.6093743916572437,0,3.9073583e-08,0.3046872153654136,0.243749780107049
0,0.0002737804942875471,0,8.094349e-10,0.00013689065186122754,0.00010951268337597474
0,0.032035597008639165,0,1.1194598e-08,0.01601780410161865,0.012814245520214816
0,0.3156322284416862,0,4.958241e-08,0.15781613901204863,0.12625292112612183
0,0.005540474014912138,0,1.3962808e-09,0.0027702377055964476,0.0022161904437333207
0,0.2510235295552111,0,2.2914032e-08,0.12551177623462134,0.10040942557050375
0,7.15634262631434e-05,0,6.256406e-09,3.5784841334601645e-05,2.862912434915975e-05
0,0.2265800905101335,0,5.316898e-09,0.11329004791351577,0.09063203939419245
1,0.9819351480478798,0,2.0058146e-06,0.4909685769312509,0.3927752627080161
0,0.005029206825935607,0,2.7378457e-08,0.002514617102196221,0.0020116991574490543
0,0.06865674936582782,0,8.228711e-12,0.03432837468702826,0.027462699751268357
0,7.15634262631434e-05,0,7.125467e-10,3.578206940491586e-05,2.862579803329811e-05
0,0.03733777874176131,0,1.4465259e-09,0.018668890094143603,0.014935112364620097
0,0.0006278763104945267,0,4.0113986e-07,0.0003141387251759289,0.00025139120812926237
0,0.005140189778972856,0,1.1377837e-06,0.002570663781321401,0.002056758581836585
0,0.1185703443144136,0,7.573722e-08,0.05928521002581638,0.04742818316809978
0,0.3555523485599796,0,8.4280085e-09,0.17777617849399405,0.14222094448079703
0,0.03733777874176131,0,7.2142804e-08,0.01866892544228252,0.014935154782388894
0,0.0035665184383177184,0,6.8329467e-09,0.0017832626356321856,0.001426611475095168
0,0.008166588252717596,0,1.6323154e-08,0.00408330228793599,0.0032666450949798463
0,0.008301978016113277,0,5.9699046e-09,0.004150991993008924,0.0033207947883882754
0,0.0038558093310724607,0,1.3792089e-08,0.0019279115615808546,0.001542332007683244
1,0.41857754741369446,1,0.9999917,0.7092846311840353,0.7674260956218193
0,0.59671827063653,0,1.8436038e-09,0.29835913624006694,0.23868730936077442
0,0.0010263506597199602,0,5.561037e-07,0.0005134533817170745,0.00041087392611649737
0,0.1067083956866307,0,9.620078e-09,0.05335420265335438,0.04268336404669956
0,0.0019885884285705054,0,6.269478e-07,0.0009946076881756536,0.0007958115401137363
0,0.0030582878507518564,0,1.5430792e-09,0.0015291446969155382,0.0012233160661483079
0,0.0010465479563246574,0,3.6742723e-08,0.0005232923495236498,0.0004186412281645141
0,0.029121348745252087,0,1.146765e-09,0.014560674946008552,0.01164854018615989
0,0.013944710640621904,0,2.3489466e-09,0.006972356494784248,0.0055778856656168285
0,0.0009865473231315913,0,6.5420277e-06,0.000496544675404253,0.00039854414604068424
0,0.07806815180077006,0,3.070547e-07,0.03903422942773764,0.031227444953139685
0,0.48539922101284255,0,6.9024e-07,0.2426999556264072,0.19416010254914856
1,0.9566577645583724,1,0.997851,0.9772543893478203,0.9813737619894256
0,0.0016393574921771225,0,1.03956355e-08,0.0008196839439062931,0.0006557492342525713
0,0.4403525627194491,0,1.8570213e-07,0.22017637421079184,0.17614113650906607
0,0.0173301782619054,0,3.087484e-07,0.008665243505158562,0.006932256553812037
0,0.00015399427774694154,0,4.5276505e-07,7.722352139864103e-05,6.186937014603397e-05
0,0.3043098107171386,0,2.7822487e-09,0.15215490674969362,0.12172392595620465
1,0.09601554690358588,0,3.874127e-08,0.048007792822427814,0.03840624200619691
0,0.12019768318734521,0,1.7764676e-06,0.060099729827457794,0.048080139155548526
0,0.015798486795244576,0,8.419569e-10,0.007899243818600734,0.0063193952232720105
0,0.031317248261871586,0,1.00496955e-07,0.015658674379413172,0.012526959602925753
0,0.0021246804422044778,0,0.00032839357,0.0012265370039640751,0.0010469083250471438
0,0.03733777874176131,0,6.667409e-09,0.018668892704585077,0.014935115497149832
0,0.005956722422412298,0,5.624471e-08,0.002978389333560372,0.002382722715790698
0,0.09945310378218328,0,1.0783057e-09,0.04972655243024447,0.039781242159856726
0,0.011797528748694433,0,8.3281195e-09,0.00589876853840698,0.004719016496349579
1,0.8468773445729801,0,2.071615e-08,0.42343868264456536,0.33875095025888313
0,0.07887574961129339,0,2.979371e-09,0.03943787629533218,0.03155030163213996
0,0.0006214989988962796,0,3.226475e-08,0.0003107656318235753,0.00024861895840903446
0,0.007070297778303901,0,1.4566112e-10,0.0035351489619825116,0.0028281191987182407
0,0.4974902912377051,0,2.2164016e-08,0.24874515670086075,0.19899612979349243
0,0.03489321072017824,0,1.7114187e-08,0.01744661391718282,0.013957294556584447
0,0.002035938108355321,0,1.2605715e-08,0.0010179753570350076,0.0008143828067711227
0,0.009092626230855261,0,2.6656513e-10,0.004546313248710196,0.0036370506522811945
0,0.0004065412313041142,0,3.162282e-09,0.00020327219679305302,0.00016261838989101843
0,0.08521240159551947,0,8.184235e-10,0.042606201206971485,0.03408496112926193
0,0.0073058907908888525,0,1.0712874e-07,0.003652998959815143,0.0029224205936004013
0,0.0014584663967111004,0,3.7174564e-07,0.0007294190711766848,0.0005836096060783282
0,0.0013949358450732778,0,7.762369e-06,0.0007013491070481949,0.0005626317594431784
0,6.181335700587292e-05,0,8.278501e-09,3.091081775365642e-05,2.4730309903301936e-05
0,0.004103926192025802,0,1.974089e-08,0.002051972966457807,0.0016415823213445633
0,0.04184235184098464,0,5.0117617e-08,0.020921200979300683,0.016736970806963892
0,0.002042608040861015,0,4.93884e-10,0.0010213042673725022,0.0008170435126748107
0,0.10461806189362279,0,1.1882438e-06,0.052309625068711514,0.041847937703752
0,7.15634262631434e-05,0,1.6497268e-07,3.58641994693319e-05,2.872435411767503e-05
1,0.17587165067221255,0,4.8460624e-05,0.08796005564829851,0.07037773664533468
0,0.0008530707172141085,1,0.9999975,0.5004252836610668,0.6003397620126242
0,0.03193777774021249,0,1.4336125e-06,0.015969605676361485,0.012775971263602654
0,0.024202170609815526,0,1.3046727e-07,0.012101150538543146,0.009680946524291512
0,0.008601375318421544,0,2.4293433e-07,0.004300809126377763,0.003440695887977534
0,0.03733777874176131,0,1.8384907e-07,0.018668981295414416,0.014935221806147881
0,0.29076200325707613,0,4.4844296e-06,0.145383243843343,0.11630749196059638
0,0.054372709918935384,0,2.3343836e-07,0.027186471678646015,0.02174922403059667
0,0.7548225567166812,0,3.1788274e-09,0.3774112799477543,0.30192902459396903
0,0.07087829449006308,0,3.2398611e-07,0.03543930923808873,0.028351512187699546
0,0.025303918700410995,0,1.795205e-06,0.01265285695269561,0.010122644603152535
1,0.9693413645987093,1,0.9999874,0.9846643940093309,0.9877289998914551
0,0.00026635540029956224,0,5.1322466e-08,0.00013320336138291953,0.00010657295359959098
0,0.0020879198560463568,0,2.5758177e-07,0.0010440887189104666,0.000835322491488973
0,0.01555624316332211,0,8.5789077e-07,0.007778550527045156,0.006223011999823872
0,0.27989018513851405,0,3.8781836e-09,0.1399450945083488,0.11195607638231585
0,0.044440879810838614,0,1.7658932e-08,0.022220448734885354,0.017776362519694704
0,0.24427420328770963,0,4.369678e-08,0.12213712349224458,0.09770970753315335
0,0.21284187401915308,0,3.1639763e-10,0.10642093716777536,0.08513674979749983
0,0.23518868354082487,0,3.79767e-07,0.11759453165390625,0.09407570127652821
0,0.3890831350030132,0,4.7939963e-10,0.19454156774120643,0.1556332542888451
0,0.016039427472447878,0,1.5258786e-09,0.008019714499163262,0.006415771904506361
0,0.0020879198560463568,0,1.5930194e-08,0.0010439678931202048,0.0008351775005355073
0,0.0047824586752499825,0,3.7899198e-07,0.0023914188336172223,0.0019132108653048812
0,0.2546664748295829,0,1.9615891e-09,0.127333238395586,0.1018665911087867
0,0.0003310835349352401,0,4.9091203e-05,0.00019008736873114596,0.00016188813658172077
1,0.8141978763006926,1,0.998317,0.9062574397754073,0.9246693524703503
0,0.3975370711352855,0,8.637713e-07,0.19876896745328113,0.15901534671688025
0,0.0009044953849699384,0,8.094349e-10,0.0004522480972024232,0.00036179863964893124
0,0.004278758769231533,0,4.173271e-05,0.0021602457396596025,0.0017365431355642058
0,0.0020879198560463568,0,8.003561e-09,0.001043963929803863,0.0008351727445554531
1,0.9881976795862345,0,0.00019577472,0.49419672715081414,0.3953965366695509
0,0.01425780593882886,0,5.544015e-06,0.007131674976933955,0.005706448784645924
0,0.23097918757083097,0,2.2487917e-10,0.11548959389785507,0.09239167516325991
0,0.06665850986853476,0,3.1788274e-09,0.03332925652368109,0.02666340585471045
0,0.0017260006308705402,0,3.0031753e-08,0.0008630153313118123,0.0006904182714011325
0,0.12045733379454024,0,6.667409e-09,0.06022867023097454,0.04818293751826141
0,0.8660439689158556,0,1.2706461e-10,0.43302198452146007,0.346417587642581
0,0.013395848745221907,0,1.400336e-06,0.006698624540626964,0.00535917969975345
0,0.46653191244029046,0,9.078536e-07,0.23326641014693295,0.18661330968829556
0,0.00951423565158775,0,5.4015695e-11,0.004757117852801722,0.0038056942930445193
0,0.06968711717801926,0,7.355222e-08,0.034843595365120675,0.02787489100254096
0,0.08419681793851419,0,8.110492e-08,0.04209844952171804,0.03367877583836023
0,0.0023580956097764318,0,9.952702e-11,0.0011790478546517252,0.0009432383036267839
0,0.24400100285650128,0,1.4175934e-08,0.12200050851621774,0.09760040964816122
0,0.0017269231565095354,0,3.303692e-07,0.0008636267628567645,0.0006909674841318946
0,0.024365792782879564,0,1.4561669e-10,0.012182896464248125,0.00974631720052184
0,0.11407007222374117,0,1.2664093e-06,0.05703566931652019,0.04562878873508736
0,0.0009912850742336114,0,7.423805e-08,0.0004956796561428808,0.0003965585725268663
0,0.012094068930456505,0,3.445074e-09,0.006047036187765254,0.004837629639227138
0,0.0013704631546242537,0,4.9923273e-08,0.0006852565389484403,0.0005482152158161199
0,0.013176238148752399,0,1.309134e-10,0.006588119139832902,0.005270495338049003
0,0.23518868354082487,0,2.2957629e-07,0.11759445655855587,0.09407561116210207
0,0.11232146539782176,0,1.12931666e-07,0.05616078916474378,0.044928653918132444
0,0.7976111876533415,0,3.9073583e-08,0.3988056133634625,0.3190444985054881
0,0.011086686937841638,0,2.1921094e-08,0.0055433544294679555,0.0044346879277933965
0,0.23958479278189493,0,8.3773245e-11,0.11979239643283408,0.09583391716302192
0,0.6229398418075547,0,1.692596e-09,0.3114699217500753,0.24917593773857952
0,1.003313891073282e-05,0,6.238256e-07,5.328482254955164e-06,4.387550946537e-06
0,0.0002363082785100181,0,1.1396309e-06,0.00011872395468185203,9.52070899275875e-05
0,0.0006673028593733173,0,6.3082424e-09,0.0003336545838078451,0.00026692492869501714
0,0.02159181103446275,1,0.999993,0.5107924186455121,0.6086325759305087
0,0.15034700781640206,0,2.2532357e-05,0.07518477008646333,0.06015232254065749
0,0.0013703321071954098,0,1.7114187e-08,0.0006851746106914052,0.0005481431113913149
0,0.0001333229853103728,0,5.3021154e-07,6.692659842363525e-05,5.3647321046287736e-05
0,0.007056533764077697,0,1.5216486e-07,0.003528342964468094,0.002822704804553279
0,0.00010575925630058744,0,1.3542368e-07,5.294733998820815e-05,4.2384956727153385e-05
0,0.0035665184383177184,0,1.4265082e-09,0.0017832599324129816,0.0014266082312320454
0,0.824619377752085,0,5.3021154e-07,0.412309953981811,0.32984806922775617
0,0.005540474014912138,0,8.5902335e-10,0.002770237436967745,0.0022161901213789
0,0.24198236948895047,0,2.4130832e-05,0.12100325016030611,0.09680742629548673
0,0.3586129796445823,0,1.1777264e-07,0.17930654870861273,0.14344526252142167
0,0.002972704820004694,0,4.2830237e-07,0.0014865665611880205,0.0011893389094246858
0,0.026560180921421327,0,4.2212565e-07,0.013280301523536547,0.01062432564397096
0,0.11354895524169328,0,3.930395e-07,0.05677467414059645,0.04541981792038277
1,0.6507413867450256,1,0.9999962,0.82536878602388,0.8602943135633667
1,0.9075266599505052,1,0.9999989,0.9537627935334496,0.9630100321709675
1,0.7483440513519705,0,1.9615891e-09,0.3741720266567798,0.29933762171774175
0,0.12819474762167551,0,1.9651505e-09,0.064097374793413,0.05127790022776059
0,0.005138844704458194,0,2.5319e-08,0.002569435011729212,0.0020555530731834154
0,0.004317487635219742,0,8.629158e-07,0.0021591752755015076,0.0017275128035578607
0,0.2947633931441006,0,5.1167643e-08,0.1473817221558716,0.1179053879582272
1,0.9831665356843905,1,0.9998905,0.991528520975969,0.9932009537970716
0,0.0176087528974557,0,3.7537724e-08,0.00880439521758987,0.00704352368161848
0,0.004529147483214912,0,4.2964338e-10,0.0022645739564291444,0.0018116592510720076
0,0.051977141292410295,0,9.242864e-08,0.025988616860526406,0.020790911974153184
0,0.0007690526856095918,0,2.3489466e-09,0.0003845275172780923,0.0003076224836119034
0,0.0014127777660701724,0,3.0143894e-07,0.0007065396025075444,0.0005652919698092297
0,0.04177982223554996,0,7.7150766e-08,0.02088994969315787,0.016711975184683005
0,0.07851797512335705,0,5.3645863e-06,0.03926166985482168,0.03141040880134198
0,0.008166588252717596,0,3.4010682e-07,0.00408346417977015,0.0032668393651948723
0,0.39348447388424096,0,1.7177133e-07,0.19674232282778706,0.15739389261649914
1,0.9377608479621679,1,0.9999969,0.9688788742603198,0.9751025152827371
0,0.0035819786823357764,0,5.991936e-08,0.0017910193008470702,0.001432827424549329
0,0.0006267847067830013,0,4.708016e-08,0.00031341589347160805,0.0002507421308103952
0,0.0018637078624018123,0,7.4762035e-10,0.0009318543050110834,0.0007454835935329599
0,0.1556621517054225,0,3.7272544e-06,0.07783293947988738,0.06226709703482584
0,0.004115440845721842,0,1.0845977e-05,0.0020631434114400057,0.0016526839247655374
0,0.37175028199720866,0,8.110492e-08,0.18587518155106528,0.14870016146183804
0,7.15634262631434e-05,0,2.0687867e-09,3.5782747524920453e-05,2.862661177734248e-05
0,0.012876409907759324,0,2.1374708e-10,0.0064382050607532,0.005150564091351975
0,0.866978336399211,0,4.710248e-10,0.43348916843511787,0.3467913348422993
0,0.578983136718476,0,1.2764062e-09,0.2894915689974411,0.2315932554532342
0,0.025301622307731964,0,0.0010226215,0.01316212191566043,0.01073422187217072
0,0.0009336155434458409,0,0.00013564165,0.0005346285951832721,0.00045483120844114146
0,0.6308213192480693,0,4.9582315e-08,0.3154106844151922,0.2523285574486182
0,0.13856756175483803,0,1.3174385e-07,0.06928384674934204,0.05542710374824427
0,0.0011417813245170145,0,1.2170169e-07,0.0005709515131028706,0.00045678555082004184
0,0.0009044953849699384,0,2.7085748e-06,0.000453601979890744,0.00036342329892037986
0,0.6507413867450256,0,3.8384982e-08,0.32537071256500394,0.26029657772900067
0,0.013054588255203415,0,1.0160603e-10,0.006527294178404722,0.005221835363044989
0,0.0016831878212248722,0,4.4135785e-08,0.0008416159785048384,0.000673301609961187
0,0.05629577358575526,0,1.9024119e-06,0.028148837998825414,0.022519450881530397
0,0.1151090370680874,0,1.13605395e-07,0.057554575336741354,0.04604368299047357
0,0.08100581371343468,0,1.6268625e-06,0.040503720287973916,0.03240330160294998
0,0.22305880621052238,0,1.2061826e-06,0.11153000619654121,0.08922424619375635
0,0.40728091435435004,0,1.9071866e-09,0.20364045813076834,0.162912366886052
0,0.0011417813245170145,0,1.0633659e-08,0.0005708959790881505,0.00045671891000273294
0,0.0020879198560463568,0,5.1703766e-09,0.001043962513211464,0.0008351710446445744
0,0.026894179037521854,0,7.825231e-09,0.013447093431376492,0.010757676310147686
0,0.6985889780473449,0,0.00015316275,0.34937107039841453,0.27952748887008366
0,0.00437210859456354,1,0.9999686,0.5021703484733835,0.6017300322119343
0,0.14641792353607272,0,1.5980993e-11,0.07320896177602686,0.058567169424017684
0,0.014884536769978982,0,7.6905266e-08,0.007442306837622569,0.005953860851151997
0,0.03243573701560713,0,1.03956355e-08,0.016217873705621298,0.012974301043624577
0,0.032864958585077576,0,1.2678459e-09,0.016432479926461758,0.01314598419473864
0,0.01904670202115317,0,8.4985864e-08,0.009523393503508426,0.007618731799981609
0,0.0002626072769677041,0,1.3336361e-10,0.00013130370516565795,0.00010504299080525428
0,0.5060381638451706,0,1.0242337e-08,0.2530190870437537,0.20241527168347068
0,0.003082640064055792,0,3.037387e-05,0.0015565069673709772,0.0012512803494892058
0,0.0011089365966109764,0,8.159652e-07,0.0005548762809167384,0.00044406421782336556
0,0.00042470885424138335,0,1.2664093e-06,0.00021298763177029438,0.00017064338728744528
0,0.0008810139679790425,0,1.3245589e-09,0.0004405076462689747,0.00035240638192700563
0,0.005377699668922065,0,5.783058e-11,0.002688849863376323,0.0021510799022671744
0,0.774856645863039,0,3.2082188e-08,0.3874283389726133,0.30994267759452887
1,0.26875974088863214,0,1.0242337e-08,0.13437987556548445,0.10750390250085527
0,0.001568001085966751,0,9.1096915e-08,0.0007840460914408257,0.0006272550925384828
0,0.001324061673745004,0,6.41387e-08,0.0006620629062241207,0.0005296631527199441
0,0.4037192077143797,0,2.0278145e-08,0.20185961399626254,0.16148769525263984
0,0.10071261550892113,0,1.2664093e-06,0.05035694095911017,0.04028580604915935
0,0.008720817080518192,0,1.1723637e-06,0.004360994722099941,0.0034890302504162907
0,0.2738199607128989,0,5.1366294e-07,0.1369102371879193,0.10952829248292908
0,0.0007135791200498971,0,8.0460777e-10,0.0003567899623288332,0.00028543213078462045
0,0.39214794343529474,0,1.6497268e-07,0.19607405420398513,0.15685927635773034
0,0.0636657911757812,0,5.2210384e-12,0.03183289559050111,0.025466316473445102
0,0.0066461811925356395,0,9.1441244e-08,0.003323136316889775,0.0026585273417634443
0,0.7831078017047561,0,1.00496955e-07,0.39155395110085545,0.3132431809800796
0,0.17524335119184728,0,1.1377837e-06,0.08762224448775861,0.07009802314698636
0,0.0020879198560463568,0,1.5319252e-06,0.0010447258906480608,0.0008360870976025077
0,0.005247391956640438,0,1.4424682e-08,0.002623703190661166,0.002098965437465489
0,0.1677758566063035,0,1.7383233e-08,0.08388793699476807,0.06711035307246098
0,0.6388197298705869,0,1.6268625e-06,0.31941067836655,0.2555288680658109
0,0.5529446893146466,0,4.9648843e-08,0.2764723694817449,0.22117790551516567
0,0.03733777874176131,0,4.6880083e-11,0.018668889394320695,0.014935111524832574
0,0.0020879198560463568,0,1.4621818e-07,0.001044033037115292,0.000835255673329079
0,0.051525010967164844,0,3.372311e-09,0.02576250716973797,0.02061000641025273
0,0.33893673192337487,0,6.9087194e-09,0.16946836941604712,0.13557469691458165
0,0.0020648308773168417,0,1.4484637e-05,0.0010396577572468172,0.000834623133960408
0,0.0068078254968585595,0,1.8883593e-05,0.0034133545448939507,0.002734460354501029
0,0.0006703236633158854,0,6.017751e-06,0.0003381707070681025,0.0002717401158640207
0,0.14641792353607272,0,6.18829e-06,0.07321205591312228,0.058570882388577675
0,0.007260803354046884,0,1.828932e-07,0.0036304931236248446,0.002904431077547542
0,0.9618596040321626,1,0.99999636,0.9809279840744156,0.9847416600828662
0,0.0009816626777979188,0,3.2745063e-06,0.0004924685920480155,0.0003946297749889843
1,0.8167929923638474,1,0.9999936,0.9083933073334283,0.9267134060901312
0,0.1343396796903647,0,3.6828938e-09,0.06716984168662923,0.053735874085882276
0,0.013534063658707692,0,1.0160603e-10,0.00676703188015686,0.0054136255244467
0,0.0036240653700598587,0,4.8324395e-08,0.0018120568472275054,0.0014496551426617455
0,0.00029918070474075617,0,1.121176e-07,0.00014964641116887022,0.00011973955245875629
0,0.004695307722663341,0,2.557232e-10,0.0023476539891932667,0.0018781232424992548
0,0.13242287771212474,0,3.719206e-05,0.0662300348867759,0.05299146632316132
0,0.0005418155466223406,0,4.785145e-07,0.0002711470305580737,0.00021701332736795772
0,0.0036380957861748293,0,1.1848611e-09,0.0018190484855179637,0.0014552390253866462
0,0.23251360902071103,0,3.6282394e-08,0.1162568226515525,0.09300546537772222
0,0.35125639952203275,0,4.9755228e-11,0.175628199785894,0.14050255983866625
1,0.9262052223850108,1,0.9999978,0.963101508506577,0.9704808014936772
0,0.025301622307731964,0,7.2142804e-08,0.012650847225267848,0.010120692208777156
0,0.06963551100176897,0,2.4424855e-09,0.03481775672212726,0.027854205866198984
0,0.0029882636404351937,0,2.979371e-09,0.001494133309903083,0.001195307243796683
0,0.4127584060195724,0,2.1607202e-06,0.20638028336989336,0.16510465884000303
0,0.035730480943379536,0,1.2546347e-08,0.017865246744863304,0.014292199905160414
0,0.9129552658324092,0,3.7798196e-05,0.4564965320141996,0.3652047852509215
0,0.6466184197494326,0,3.2082188e-08,0.3233092259158101,0.2586473871490863
0,0.8115374479912582,0,2.3547507e-07,0.40576884173316435,0.3246151204815456
0,0.01780481374012808,0,1.1085765e-08,0.008902412412946637,0.007121932147510616
0,0.027912425352144582,0,1.744784e-08,0.013956221399992544,0.011164980609562848
0,0.04669815173727555,0,1.7442127e-07,0.02334916307927471,0.018679365347680228
0,0.014218689616402396,1,0.9995613,0.5068899997154278,0.6054242855770907
0,0.005029206825935607,0,3.8013005e-07,0.002514793477991079,0.0020119108084107
0,0.0020865214358344406,0,6.5934046e-08,0.0010432936849401097,0.0008346481347633752
0,0.0016946004891033423,0,1.8187233e-08,0.0008473093381681976,0.0006778511079817016
0,0.0015718410796662849,0,4.1865654e-08,0.0007859414726601698,0.000628761551259302
0,0.016505335750718216,0,2.5411551e-05,0.008265373650948092,0.0066173812313578655
0,4.839132256192189e-05,0,1.1072567e-10,2.419571664379679e-05,1.9356595460174545e-05
0,0.011138931855831901,0,1.3019073e-11,0.0055694659344254875,0.004455572750144205
0,0.017050341024152135,0,7.019738e-09,0.00852517402194513,0.006820140621503729
0,0.11167614069072088,0,1.4143804e-05,0.05584514224737909,0.04467894255943833
0,0.004911992477420082,0,2.7822487e-09,0.002455997629834368,0.0019647986603172473
0,0.00891487566933468,0,5.07198e-08,0.004457463194568186,0.0035659806996148876
